ZIP_Code,Restaurant_Name,Rating,Review_Count,Price_Level,Latitude,Longitude,Category,Neighborhood,Address
90210,Avra Beverly Hills,4.5,1992,4.0,34.067786,-118.400167,Food,Beverly Hills,"233 N Beverly Dr, Beverly Hills, CA 90210, USA"
90210,The Rooftop Beverly Hills,4.4,858,2.0,34.066718,-118.41146,Food,Beverly Hills,"9850 Wilshire Blvd, Beverly Hills, CA 90210, USA"
90210,Bacari Beverly Hills,4.5,132,2.0,34.06854,-118.404224,Wine Bar,Beverly Hills,"9601 Brighton Way, Beverly Hills, CA 90210, USA"
90210,Dante Beverly Hills,4.3,254,,34.068126,-118.398597,Food,Beverly Hills,"225 N Canon Dr, Beverly Hills, CA 90210, USA"
90210,The Hideaway Beverly Hills,4.3,548,,34.06958,-118.403805,Steak House,Beverly Hills,"421 N Rodeo Dr, Beverly Hills, CA 90210, USA"
90210,CAVCAS Beverly Hills,4.8,243,,34.069957,-118.400572,Food,Beverly Hills,"345 N Canon Dr, Beverly Hills, CA 90210, USA"
90210,Novikov Beverly Hills,4.4,602,4.0,34.068601,-118.399423,Food,Beverly Hills,"257 N Canon Dr, Beverly Hills, CA 90210, USA"
90210,Nua,4.5,336,2.0,34.071224,-118.400335,Food,Beverly Hills,"403 N Crescent Dr, Beverly Hills, CA 90210, USA"
90210,Il Fornaio,4.3,1246,2.0,34.068526,-118.400838,Food,Beverly Hills,"301 N Beverly Dr, Beverly Hills, CA 90210, USA"
90210,Porta Via Beverly Hills,4.3,564,2.0,34.071242,-118.401275,Night Club,Beverly Hills,"424 N Canon Dr, Beverly Hills, CA 90210, USA"
90210,Spago,4.5,1752,4.0,34.067647,-118.397572,Banquet Hall,Beverly Hills,"176 N Canon Dr, Beverly Hills, CA 90210, USA"
90212,Ocean Prime,4.5,1319,3.0,34.0674,-118.402523,Night Club,Beverly Hills,"9595 Wilshire Blvd, Beverly Hills, CA 90212, USA"
90210,Wally's Beverly Hills,4.3,1349,3.0,34.071309,-118.401927,Food,Beverly Hills,"447 N Canon Dr, Beverly Hills, CA 90210, USA"
90210,Il Pastaio,4.4,2458,3.0,34.070841,-118.400882,Food,Beverly Hills,"400 N Canon Dr, Beverly Hills, CA 90210, USA"
90210,208 Rodeo,4.0,1225,2.0,34.067423,-118.400763,Food,Beverly Hills,"208 N Rodeo Dr, Beverly Hills, CA 90210, USA"
90210,Cipriani Beverly Hills,3.7,299,,34.068398,-118.403577,Bar,Beverly Hills,"362 N Camden Dr, Beverly Hills, CA 90210, USA"
90210,"Crustacean Restaurant Beverly Hills, CA - Brunch, Lunch & Fine Dining",4.4,1056,3.0,34.069155,-118.406032,Food,Beverly Hills,"468 N Bedford Dr, Beverly Hills, CA 90210, USA"
90212,THE Blvd Restaurant and Lounge,4.5,517,4.0,34.066916,-118.400359,Wine Bar,Beverly Hills,"9500 Wilshire Blvd, Beverly Hills, CA 90212, USA"
90211,Il Cielo,4.4,788,3.0,34.071839,-118.388383,Wedding Venue,Beverly Hills,"9018 Burton Way, Beverly Hills, CA 90211, USA"
90212,South Beverly Grill,4.6,818,3.0,34.066111,-118.398889,Food,Beverly Hills,"122 S Beverly Dr, Beverly Hills, CA 90212, USA"
90401,1212 Santa Monica,4.5,2698,2.0,34.017852,-118.499046,Night Club,Santa Monica,"1212 3rd Street Promenade, Santa Monica, CA 90401, USA"
90401,Tar & Roses,4.7,1024,3.0,34.017949,-118.493009,Food,Santa Monica,"602 Santa Monica Blvd, Santa Monica, CA 90401, USA"
90401,The Curious Palate,4.7,710,2.0,34.014095,-118.493254,Food,Santa Monica,"395 Santa Monica Pl 3rd Floor, Santa Monica, CA 90401, USA"
90401,Water Grill,4.4,2589,3.0,34.014018,-118.497451,Food,Santa Monica,"1401 Ocean Ave, Santa Monica, CA 90401, USA"
90401,The Albright,4.3,2669,2.0,34.009765,-118.496593,Bar,Santa Monica,"258 Santa Monica Pier, Santa Monica, CA 90401, USA"
90401,The Surfing Fox,4.5,357,,34.011824,-118.494112,Food,Santa Monica,"120 Colorado Ave, Santa Monica, CA 90401, USA"
90401,LouLou Santa Monica,4.1,649,,34.01334,-118.494637,Night Club,Santa Monica,"395 Santa Monica Pl #300, Santa Monica, CA 90401, USA"
90403,The Penthouse,4.4,921,3.0,34.018703,-118.501298,Food,Santa Monica,"1111 2nd St, Santa Monica, CA 90403, USA"
90401,Élephante,4.3,2800,,34.015245,-118.498,Food,Santa Monica,"1332 2nd St Rooftop, Santa Monica, CA 90401, USA"
90401,Meat On Ocean,4.4,2514,3.0,34.012819,-118.496101,Steak House,Santa Monica,"1501 Ocean Ave, Santa Monica, CA 90401, USA"
90401,Sugar Palm Santa Monica,4.5,89,,34.008046,-118.490365,Night Club,Santa Monica,"1819 Ocean Ave, Santa Monica, CA 90401, USA"
90401,The Lobster,4.3,2717,3.0,34.011064,-118.494996,Food,Santa Monica,"1602 Ocean Ave, Santa Monica, CA 90401, USA"
90401,The Misfit Bar & Restaurant,4.5,2804,2.0,34.015445,-118.496672,Night Club,Santa Monica,"225 Santa Monica Blvd, Santa Monica, CA 90401, USA"
90401,Massilia,4.4,821,2.0,34.015628,-118.493924,Bar,Santa Monica,"1445 4th St, Santa Monica, CA 90401, USA"
90401,Sol Agave - santa monica,4.6,707,2.0,34.009256,-118.491748,Food,Santa Monica,"1733 Ocean Ave, Santa Monica, CA 90401, USA"
90401,Blue Plate Oysterette,4.4,1398,2.0,34.014468,-118.49821,Bar,Santa Monica,"1355 Ocean Ave, Santa Monica, CA 90401, USA"
90401,North Italia,4.4,2116,2.0,34.013874,-118.496247,Wine Bar,Santa Monica,"1442 2nd St, Santa Monica, CA 90401, USA"
90401,Hillstone,4.5,981,2.0,34.017523,-118.499814,Food,Santa Monica,"202 Wilshire Blvd, Santa Monica, CA 90401, USA"
90403,Forma Restaurant & Cheese Bar Santa Monica,4.5,1046,3.0,34.033943,-118.492804,Food,Santa Monica,"1610 Montana Ave, Santa Monica, CA 90403, USA"
90401,Blue Daisy,4.4,1418,2.0,34.016871,-118.491744,Coffee Shop,Santa Monica,"609 Broadway, Santa Monica, CA 90401, USA"
90068,Yamashiro Hollywood,4.3,5083,3.0,34.10576,-118.342093,Wedding Venue,Hollywood,"1999 N Sycamore Ave, Los Angeles, CA 90068, USA"
90028,The Hollywood Rooftop Restaurant & Bar by Madame Tussauds,4.6,151,2.0,34.101717,-118.341569,Food,Hollywood,"6933 Hollywood Blvd, Los Angeles, CA 90028, USA"
90028,Jemma Hollywood,4.6,167,2.0,34.102441,-118.326895,Food,Hollywood,"1717 Vine St, Los Angeles, CA 90028, USA"
90028,Musso & Frank Grill,4.6,3562,3.0,34.101753,-118.335361,Steak House,Hollywood,"6667 Hollywood Blvd, Hollywood, CA 90028, USA"
90028,Mel's Drive-In Hollywood,4.2,4028,2.0,34.100897,-118.338354,Diner,Hollywood,"1660 Highland Ave, Los Angeles, CA 90028, USA"
90046,El Compadre Restaurant of Hollywood,4.3,2260,2.0,34.097788,-118.352236,Bar And Grill,Hollywood,"7408 W Sunset Blvd, Los Angeles, CA 90046, USA"
90028,Superba Food + Bread Hollywood,4.6,513,2.0,34.09775,-118.332621,Food,Hollywood,"6530 W Sunset Blvd, Los Angeles, CA 90028, USA"
90028,25 Degrees,4.2,1268,2.0,34.101358,-118.341947,Bar And Grill,Hollywood,"7000 Hollywood Blvd, Los Angeles, CA 90028, USA"
90028,Running Goose,4.5,706,2.0,34.100536,-118.329328,Food,Hollywood,"1620 N Cahuenga Blvd, Los Angeles, CA 90028, USA"
33020,The Tipsy Boar,4.6,2209,2.0,26.010353,-80.145285,Bar,Hollywood,"1906 Harrison St, Hollywood, FL 33020, USA"
90046,Bossa Nova Brazilian Cuisine,4.4,3452,2.0,34.098238,-118.346581,Bakery,Hollywood,"7181 W Sunset Blvd, Los Angeles, CA 90046, USA"
90028,Seasoning Alley Hollywood,4.9,23,,34.102268,-118.340366,Food,Hollywood,"Inside dining desk, 6801 Hollywood Blvd # 309, Hollywood, CA 90028, USA"
90028,St Felix Hollywood,4.3,640,2.0,34.099986,-118.329391,Wedding Venue,Hollywood,"1602 N Cahuenga Blvd, Hollywood, CA 90028, USA"
90068,Beachwood Cafe Hollywood,4.6,1465,2.0,34.119981,-118.32127,Diner,Hollywood,"2695 Beachwood Dr, Los Angeles, CA 90068, USA"
33019,GG's Waterfront,4.4,5888,3.0,26.016045,-80.117536,Steak House,Hollywood,"606 N Ocean Dr, Hollywood, FL 33019, USA"
90028,Hui Tou Xiang,4.4,286,2.0,34.101019,-118.329769,Food,Hollywood,"1643 N Cahuenga Blvd, Los Angeles, CA 90028, USA"
90028,TAO,4.4,1800,3.0,34.099952,-118.330384,Food,Hollywood,"6421 Selma Ave, Los Angeles, CA 90028, USA"
90028,"The Waffle • Best Breakfast, Lunch, and Cocktails near the Hollywood Walk of Fame",4.4,2308,2.0,34.098252,-118.325746,Diner,Hollywood,"6255 W Sunset Blvd, Los Angeles, CA 90028, USA"
90028,Lemon Grove,4.5,140,,34.102362,-118.327316,Bar,Hollywood,"1717 Vine St Floor 6, Los Angeles, CA 90028, USA"
90038,Petit Trois,4.4,1004,3.0,34.084162,-118.338189,Bar,Hollywood,"718 Highland Ave, Los Angeles, CA 90038, USA"
90069,La Boheme,4.6,1639,2.0,34.090414,-118.37365,Bar,West Hollywood,"8400 Santa Monica Blvd, West Hollywood, CA 90069, USA"
90048,The Henry,4.5,939,3.0,34.076113,-118.383274,Bar,West Hollywood,"120 N Robertson Blvd, Los Angeles, CA 90048, USA"
90069,Bottega Louie WEHO,4.4,1112,3.0,34.083923,-118.384983,Food,West Hollywood,"8936 Santa Monica Blvd, West Hollywood, CA 90069, USA"
90069,Merois | West Hollywood,4.6,319,,34.094632,-118.373579,Food,West Hollywood,"8430 W Sunset Blvd, West Hollywood, CA 90069, USA"
90048,GRANVILLE,4.5,1443,2.0,34.077156,-118.380687,Food,West Hollywood,"8701 Beverly Blvd, West Hollywood, CA 90048, USA"
90069,"The Butcher, The Baker, The Cappuccino Maker",4.4,2325,2.0,34.092133,-118.38058,Bakery,West Hollywood,"8653 W Sunset Blvd, West Hollywood, CA 90069, USA"
90069,Cecconi's West Hollywood,4.4,1465,3.0,34.080505,-118.385041,Food,West Hollywood,"8764 Melrose Ave, West Hollywood, CA 90069, USA"
90069,Gracias Madre,4.5,4042,3.0,34.081023,-118.386966,Bar,West Hollywood,"8905 Melrose Ave, West Hollywood, CA 90069, USA"
90069,WeHo Bistro,4.5,977,2.0,34.090445,-118.376132,Bar And Grill,West Hollywood,"1040 N La Cienega Blvd, West Hollywood, CA 90069, USA"
90069,The Butcher's Daughter,4.6,508,2.0,34.081052,-118.384931,Food,West Hollywood,"8755 Melrose Ave, West Hollywood, CA 90069, USA"
90069,Saltie Girl,4.4,235,,34.092576,-118.379496,Food,West Hollywood,"8615 W Sunset Blvd, West Hollywood, CA 90069, USA"
90069,Zinqué,4.3,948,2.0,34.081276,-118.382685,Wine Bar,West Hollywood,"8684 Melrose Ave, West Hollywood, CA 90069, USA"
90069,Queen Violet WeHo,4.3,308,2.0,34.089089,-118.377735,Food,West Hollywood,"8543 Santa Monica Blvd Suite 5, West Hollywood, CA 90069, USA"
90069,Saddle Ranch Chop House,4.3,3599,2.0,34.095659,-118.372355,Steak House,West Hollywood,"8371 W Sunset Blvd, West Hollywood, CA 90069, USA"
90069,Hugo's West Hollywood,4.4,1287,2.0,34.090839,-118.373085,Food,West Hollywood,"8401 Santa Monica Blvd, West Hollywood, CA 90069, USA"
90069,SUR Restaurant and Lounge,4.2,3606,3.0,34.081229,-118.385309,Bar,West Hollywood,"606-614 N Robertson Blvd, West Hollywood, CA 90069, USA"
90046,Ysabel,4.2,1426,3.0,34.08859,-118.36178,Bar,West Hollywood,"945 N Fairfax Ave, West Hollywood, CA 90046, USA"
90046,Jones,4.5,871,2.0,34.090882,-118.346423,Bar And Grill,West Hollywood,"7205 Santa Monica Blvd, West Hollywood, CA 90046, USA"
90069,Nobu Los Angeles,4.3,1235,4.0,34.087152,-118.376604,Bar,West Hollywood,"903 N La Cienega Blvd, Los Angeles, CA 90069, USA"
90069,Mels Drive-In,4.4,2881,2.0,34.092953,-118.378964,Diner,West Hollywood,"8585 W Sunset Blvd, West Hollywood, CA 90069, USA"
90291,The Butcher's Daughter,4.4,2746,2.0,33.991658,-118.469208,Juice Shop,Venice,"1205 Abbot Kinney Blvd, Venice, CA 90291, USA"
90291,The Waterfront Venice,4.3,1557,2.0,33.99508,-118.480767,Food,Venice,"205 Ocean Front Walk, Venice, CA 90291, USA"
90291,Belles Beach House,4.3,1143,2.0,33.986987,-118.473086,Food,Venice,"24 Windward Ave, Los Angeles, CA 90291, USA"
90291,Gjelina,4.2,1624,,33.990497,-118.464965,Food,Venice,"1429 Abbot Kinney Blvd, Venice, CA 90291, USA"
90291,Ospi Venice,4.4,850,2.0,33.985111,-118.470412,Food,Venice,"2025 Pacific Ave, Venice, CA 90291, USA"
90291,Fig Tree,4.3,2139,2.0,33.993398,-118.479237,Food,Venice,"431, Ocean Front Walk, Venice, CA 90291, USA"
90291,Barrique Venice,4.6,689,3.0,33.993164,-118.474684,Wine Bar,Venice,"796 Main St, Venice, CA 90291, USA"
90291,Kassi Rooftop Venice Beach,4.1,54,,33.986959,-118.4725,Bar,Venice,"1697 Pacific Ave, Venice, CA 90291, USA"
90291,Felix Trattoria,4.5,1395,4.0,33.992243,-118.471866,Food,Venice,"1023 Abbot Kinney Blvd, Venice, CA 90291, USA"
90292,Nalu Vida Venice Beach,4.4,623,2.0,33.97929,-118.46686,Bar,Venice,"1 Washington Blvd, Venice, CA 90292, USA"
90292,Hinano Cafe,4.6,1666,1.0,33.979491,-118.46657,Bar And Grill,Venice,"15 Washington Blvd, Venice, CA 90292, USA"
90292,The Venice Whaler,4.3,3143,2.0,33.978985,-118.46659,Bar And Grill,Venice,"10 Washington Blvd, Venice, CA 90292, USA"
90291,Casablanca,4.5,1403,2.0,34.00165,-118.468005,Food,Venice,"220 Lincoln Blvd, Los Angeles, CA 90291, USA"
90291,Chulita,4.5,714,2.0,33.99886,-118.47311,Night Club,Venice,"533 Rose Ave, Venice, CA 90291, USA"
90291,Gjusta,4.4,3283,2.0,33.995208,-118.474482,Bakery,Venice,"320 Sunset Ave, Venice, CA 90291, USA"
90291,The Venice Beach Bar & Kitchen,4.4,1190,2.0,33.994115,-118.479882,Bar And Grill,Venice,"323 Ocean Front Walk, Venice, CA 90291, USA"
90291,Great White,4.5,2346,1.0,33.987732,-118.471793,Cafe,Venice,"1604 Pacific Ave, Venice, CA 90291, USA"
90291,Paloma Venice,4.2,223,,33.98903,-118.461863,Food,Venice,"600 S Venice Blvd, Venice, CA 90291, USA"
90291,Superba Food + Bread Venice,4.5,1590,3.0,33.996217,-118.456349,Coffee Shop,Venice,"1900 Lincoln Blvd, Venice, CA 90291, USA"
90291,Reunion Venice Beach,4.8,14,,33.988223,-118.473095,Food,Venice,"73 Market St, Venice, CA 90291, USA"
90017,Bottega Louie,4.5,7392,3.0,34.047052,-118.256544,Chocolate Shop,Downtown LA,"700 S Grand Ave, Los Angeles, CA 90017, USA"
90017,JOEY DTLA,4.7,3193,2.0,34.048017,-118.258051,Food,Downtown LA,"700 W 7th St Ste S430, Los Angeles, CA 90017, USA"
90013,Perch,4.4,7126,3.0,34.048996,-118.251411,Bar,Downtown LA,"448 S Hill St, Los Angeles, CA 90013, USA"
90017,Joyce,4.4,287,2.0,34.046269,-118.257165,Bar,Downtown LA,"770 S Grand Ave A, Los Angeles, CA 90017, USA"
90071,Water Grill,4.5,2119,3.0,34.04904,-118.254707,Food,Downtown LA,"544 S Grand Ave, Los Angeles, CA 90071, USA"
90015,Yard House,4.4,6782,2.0,34.04512,-118.2657,Bar And Grill,Downtown LA,"800 W Olympic Blvd A-115, Los Angeles, CA 90015, USA"
90071,71Above,4.5,2635,4.0,34.051029,-118.254417,Food,Downtown LA,"633 W 5th St 71st floor, Los Angeles, CA 90071, USA"
90014,Poppy + Rose,4.3,1294,2.0,34.040681,-118.25008,Food,Downtown LA,"765 Wall St, Los Angeles, CA 90014, USA"
90013,Maccheroni Republic,4.6,2924,2.0,34.050031,-118.248536,Food,Downtown LA,"332 S Broadway, Los Angeles, CA 90013, USA"
90013,Girl & the Goat Los Angeles,4.8,2947,3.0,34.040226,-118.233169,Food,Downtown LA,"555-3 Mateo St, Los Angeles, CA 90013, USA"
90012,BADMAASH Downtown LA,4.1,1728,2.0,34.051103,-118.244857,Food,Downtown LA,"108 W 2nd St APT 104, Los Angeles, CA 90012, USA"
90071,Settecento DTLA,4.5,183,,34.051039,-118.255758,Food,Downtown LA,"700 W 5th St, Los Angeles, CA 90071, USA"
90013,Le Petit Paris,4.3,1008,3.0,34.048343,-118.248527,Night Club,Downtown LA,"418 S Spring St, Los Angeles, CA 90013, USA"
90015,Fixins Soul Kitchen,4.6,3174,2.0,34.04446,-118.264728,Food,Downtown LA,"800 W Olympic Blvd A150, Los Angeles, CA 90015, USA"
90012,Redbird,4.6,1711,3.0,34.050562,-118.244075,Food,Downtown LA,"114 E 2nd St, Los Angeles, CA 90012, USA"
90017,District,4.3,529,2.0,34.048015,-118.258385,Bar,Downtown LA,"Plaza Level in The Bloc, 700 W 7th St, Los Angeles, CA 90017, USA"
90017,Le Grand Restaurant,4.0,802,2.0,34.047184,-118.25701,Food,Downtown LA,"707 S Grand Ave, Los Angeles, CA 90017, USA"
90013,The Factory Kitchen,4.5,1015,3.0,34.038983,-118.235878,Food,Downtown LA,"1300 Factory Pl, Los Angeles, CA 90013, USA"
90021,Bestia,4.6,3798,3.0,34.03368,-118.229236,Food,Downtown LA,"2121 E 7th Pl, Los Angeles, CA 90021, USA"
90071,Drago Centro,4.5,753,3.0,34.051234,-118.257327,Bar,Downtown LA,"525 Flower St, Los Angeles, CA 90071, USA"
91101,Nick's Pasadena,4.7,1425,2.0,34.140058,-118.131966,Food,Pasadena,"336 S Lake Ave, Pasadena, CA 91101, USA"
91105,Houston's,4.5,3080,3.0,34.140236,-118.14712,Food,Pasadena,"320 S Arroyo Pkwy, Pasadena, CA 91105, USA"
91101,GRANVILLE,4.5,1475,2.0,34.141141,-118.132063,Food,Pasadena,"270 S Lake Ave, Pasadena, CA 91101, USA"
91101,Yard House,4.4,2639,2.0,34.1456,-118.14364,Bar And Grill,Pasadena,"300 E Colorado Blvd Ste 220, Pasadena, CA 91101, USA"
91105,The Raymond 1886 - Modern American Cuisine & Craft Cocktails in Pasadena,4.5,1059,3.0,34.124494,-118.149969,Food,Pasadena,"1250 S Fair Oaks Ave, Pasadena, CA 91105, USA"
91105,Gale's,4.5,943,2.0,34.137778,-118.150278,Food,Pasadena,"452 S Fair Oaks Ave, Pasadena, CA 91105, USA"
91105,Craft by Smoke and Fire,4.1,849,2.0,34.144395,-118.151238,Food,Pasadena,"30 W Green St, Pasadena, CA 91105, USA"
91105,Mi Piace,4.2,1903,2.0,34.145955,-118.149939,Bakery,Pasadena,"25 E Colorado Blvd, Pasadena, CA 91105, USA"
91107,Plate 38 Kitchen And Bar,4.3,998,2.0,34.146331,-118.101381,Food,Pasadena,"2361 E Colorado Blvd, Pasadena, CA 91107, USA"
91105,Agnes Restaurant & Cheesery,4.4,468,2.0,34.144297,-118.151331,Liquor Store,Pasadena,"40 W Green St, Pasadena, CA 91105, USA"
91105,True Food Kitchen,4.5,2043,2.0,34.145486,-118.153881,Meal Takeaway,Pasadena,"168 W Colorado Blvd, Pasadena, CA 91105, USA"
91101,The Arbour,4.7,528,3.0,34.136664,-118.132662,Bar,Pasadena,"527 S Lake Ave #120, Pasadena, CA 91101, USA"
91101,UOVO | Pasadena,4.4,311,,34.143072,-118.131927,Food,Pasadena,"146 S Lake Ave #103, Pasadena, CA 91101, USA"
91101,Urban Plates,4.5,1698,2.0,34.141343,-118.132552,Sandwich Shop,Pasadena,"269 S Lake Ave, Pasadena, CA 91101, USA"
91101,Gaucho Grill Pasadena,4.3,602,3.0,34.138225,-118.132675,Steak House,Pasadena,"455 S Lake Ave Suite 102, Pasadena, CA 91101, USA"
91101,Green Street Restaurant,4.5,1142,2.0,34.143112,-118.131386,Bar And Grill,Pasadena,"146 Shoppers Ln, Pasadena, CA 91101, USA"
91103,Holy Saints!,4.7,42,2.0,34.147832,-118.149947,Food,Pasadena,"21 E Holly St, Pasadena, CA 91103, USA"
91103,Cafe Santorini,4.4,1058,2.0,34.146638,-118.151921,Food,Pasadena,"64 W Union St, Pasadena, CA 91103, USA"
91103,Union Restaurant,4.5,800,3.0,34.146998,-118.149638,Food,Pasadena,"37 Union St, Pasadena, CA 91103, USA"
91105,Buca di Beppo Italian Restaurant,4.4,3254,2.0,34.1443,-118.15218,Food,Pasadena,"80 W Green St, Pasadena, CA 91105, USA"
90232,CULVER&MAIN,4.9,72,,34.024767,-118.394813,Food,Culver City,"3829 Main St, Culver City, CA 90232, USA"
90232,Destroyer,4.5,1298,2.0,34.024642,-118.381324,Cafe,Culver City,"3578 Hayden Ave, Culver City, CA 90232, USA"
90232,Laurel Grill,4.5,135,,34.024345,-118.393618,Food,Culver City,"9300 Culver Blvd suite 210, Culver City, CA 90232, USA"
90232,Citizen Public Market,4.6,379,2.0,34.025066,-118.394116,Food Court,Culver City,"9355 Culver Blvd, Culver City, CA 90232, USA"
90232,JULIET,4.2,195,,34.026628,-118.388799,Event Venue,Culver City,"8888 Washington Blvd Suite 102, Culver City, CA 90232, USA"
90232,Bacari Culver City,4.5,81,,34.024733,-118.394711,Food,Culver City,"3833 Main St, Culver City, CA 90232, USA"
90230,Maple Block Meat Co.,4.4,1756,2.0,34.009245,-118.414677,Wine Bar,Culver City,"3973 Sepulveda Blvd, Culver City, CA 90230, USA"
90232,Pasta Sisters,4.5,2108,2.0,34.02995,-118.38391,Food,Culver City,"3280 Helms Ave, Culver City, CA 90232, USA"
90232,Meet in Paris French Bistro,4.2,921,2.0,34.022013,-118.396433,Food,Culver City,"9727 Culver Blvd, Culver City, CA 90232, USA"
90232,Margot,4.1,666,,34.027363,-118.386984,Wine Bar,Culver City,"8820 Washington Blvd Suite 301, Culver City, CA 90232, USA"
90232,Merka Saltao,4.7,32,,34.02467,-118.394189,Food,Culver City,"3850 Main St Ste B, Culver City, CA 90232, USA"
90232,Simonette Restaurant,4.3,388,2.0,34.023077,-118.393361,Bar,Culver City,"3927 Van Buren Pl, Culver City, CA 90232, USA"
90232,Nardò Culver City,4.7,108,,34.022077,-118.39635,Catering Service,Culver City,"9725 Culver Blvd, Culver City, CA 90232, USA"
90232,"Hey, Sunshine Kitchen",4.9,721,2.0,34.016815,-118.406435,Sandwich Shop,Culver City,"3863 Overland Ave, Culver City, CA 90232, USA"
90230,Culver City Cuisine,4.5,143,,33.986838,-118.396295,Food Court,Culver City,"5660-5668 Selmaraine Dr, Culver City, CA 90230, USA"
90232,Butterfly,4.5,42,,34.028098,-118.387252,Bar,Culver City,"8801 Washington Blvd, Culver City, CA 90232, USA"
90232,AFURI Culver City,4.3,211,1.0,34.024386,-118.393404,Meal Takeaway,Culver City,"9300 Culver Blvd Unit 117, Culver City, CA 90232, USA"
90232,Carasau Ristorante,4.5,352,2.0,34.023488,-118.393474,Wine Bar,Culver City,"3912/3918 Van Buren Pl, Culver City, CA 90232, USA"
11188,Metro Cafe,4.6,1145,2.0,34.008889,-118.413333,Cafe,Culver City,"11188 Washington Pl, Culver City, CA 90232, USA"
90232,esme,4.8,125,,34.024604,-118.394745,Wine Bar,Culver City,"3837 Main St, Culver City, CA 90232, USA"
90266,JOEY Manhattan Beach,4.8,3643,2.0,33.898796,-118.395177,Bar,Manhattan Beach,"3120 N Sepulveda Blvd, Manhattan Beach, CA 90266, USA"
90266,Manhattan Beach Post,4.6,1437,2.0,33.885247,-118.410742,Wine Bar,Manhattan Beach,"1142 Manhattan Ave, Manhattan Beach, CA 90266, USA"
90266,The Strand House,4.5,2848,3.0,33.884774,-118.41137,Bar,Manhattan Beach,"117 Manhattan Beach Blvd, Manhattan Beach, CA 90266, USA"
90266,Nick's Manhattan Beach,4.6,1247,2.0,33.886049,-118.408868,Food,Manhattan Beach,"451 Manhattan Beach Blvd D, Manhattan Beach, CA 90266, USA"
90266,Simmzy's Restaurant Manhattan Beach,4.6,1016,2.0,33.885195,-118.410034,Pub,Manhattan Beach,"229 Manhattan Beach Blvd, Manhattan Beach, CA 90266, USA"
90266,BOA Steakhouse Manhattan Beach,4.7,479,4.0,33.89879,-118.395622,Steak House,Manhattan Beach,"3110 N Sepulveda Blvd, Manhattan Beach, CA 90266, USA"
90266,The Kettle,4.5,3969,2.0,33.885365,-118.409683,Diner,Manhattan Beach,"1138 Highland Ave, Manhattan Beach, CA 90266, USA"
90266,FISHBAR,4.6,2033,2.0,33.901731,-118.41832,Bar,Manhattan Beach,"3801 Highland Ave, Manhattan Beach, CA 90266, USA"
90266,Rock'N Fish,4.5,1795,2.0,33.884371,-118.411102,Steak House,Manhattan Beach,"120 Manhattan Beach Blvd, Manhattan Beach, CA 90266, USA"
90266,Tin Roof Bistro,4.6,1599,2.0,33.899779,-118.395543,Bar,Manhattan Beach,"3500 N Sepulveda Blvd, Manhattan Beach, CA 90266, USA"
90266,Love & Salt,4.5,626,3.0,33.885459,-118.409317,Food,Manhattan Beach,"317 Manhattan Beach Blvd, Manhattan Beach, CA 90266, USA"
90266,brewco social,4.3,418,2.0,33.884487,-118.411067,Bar,Manhattan Beach,"124 Manhattan Beach Blvd, Manhattan Beach, CA 90266, USA"
90266,Wood Ranch Manhattan Beach,4.5,90,2.0,33.901652,-118.386116,Food,Manhattan Beach,"1550 Rosecrans Ave, Manhattan Beach, CA 90266, USA"
90266,Fishing With Dynamite,4.7,1040,3.0,33.885354,-118.410917,Food,Manhattan Beach,"1148 Manhattan Ave, Manhattan Beach, CA 90266, USA"
90266,The Hook & Plow,4.1,48,,33.884462,-118.410267,Food,Manhattan Beach,"1112 Manhattan Ave, Manhattan Beach, CA 90266, USA"
90266,Sloopy's Beach Cafe,4.5,722,2.0,33.899579,-118.417046,Meal Takeaway,Manhattan Beach,"3416 Highland Ave, Manhattan Beach, CA 90266, USA"
90266,Urban Plates,4.8,1808,2.0,33.895682,-118.394442,Sandwich Shop,Manhattan Beach,"2650 N Sepulveda Blvd, Manhattan Beach, CA 90266, USA"
90266,Mercado Restaurant Manhattan Beach,4.4,363,2.0,33.89922,-118.394056,Food,Manhattan Beach,"3212A N Sepulveda Blvd, Manhattan Beach, CA 90266, USA"
90266,Shellback Tavern,4.5,763,1.0,33.884421,-118.411215,Bar,Manhattan Beach,"116 Manhattan Beach Blvd, Manhattan Beach, CA 90266, USA"
90266,Ocean View Cafe,4.5,412,2.0,33.886396,-118.410715,Cafe,Manhattan Beach,"229 13th St, Manhattan Beach, CA 90266, USA"
90277,Bluewater Grill,4.4,2556,2.0,33.848616,-118.396344,Bar,Redondo Beach,"665 N Harbor Dr, Redondo Beach, CA 90277, USA"
90277,Riviera House,4.4,240,,33.818197,-118.387928,Bar,Redondo Beach,"1708 S Catalina Ave, Redondo Beach, CA 90277, USA"
90277,Rockefeller - Redondo Beach,4.4,593,2.0,33.818388,-118.388446,Pub,Redondo Beach,"1707 S Catalina Ave, Redondo Beach, CA 90277, USA"
90277,Sea Level Restaurant and Lounge,4.4,719,2.0,33.847337,-118.394941,Food,Redondo Beach,"655 N Harbor Dr, Redondo Beach, CA 90277, USA"
90277,R/10 Social House,4.4,965,2.0,33.842631,-118.39205,Night Club,Redondo Beach,"179 N Harbor Dr, Redondo Beach, CA 90277, USA"
90277,Chart House,4.4,1512,3.0,33.851466,-118.398599,Banquet Hall,Redondo Beach,"231 Yacht Club Way, Redondo Beach, CA 90277, USA"
90277,"Kincaid's Fish, Chop & Steakhouse",4.4,2050,3.0,33.840711,-118.391967,Steak House,Redondo Beach,"500 Fishermans Wharf, Redondo Beach, CA 90277, USA"
90277,Riviera Mexican Cantina,4.4,228,2.0,33.842645,-118.392987,Food,Redondo Beach,"207 N Harbor Dr, Redondo Beach, CA 90277, USA"
90277,Old Tony's,4.3,2433,2.0,33.839219,-118.391546,Food,Redondo Beach,"210 Fishermans Wharf, Redondo Beach, CA 90277, USA"
90277,Riviera Mexican Grill,4.7,1875,2.0,33.819466,-118.385689,Bar,Redondo Beach,"1615 S Pacific Coast Hwy, Redondo Beach, CA 90277, USA"
90277,BALEENkitchen,4.3,367,3.0,33.845383,-118.396934,Bar,Redondo Beach,"260 Portofino Way, Redondo Beach, CA 90277, USA"
90277,The Slip Bar & Eatery - Redondo Beach,4.6,469,2.0,33.841524,-118.391165,Bar And Grill,Redondo Beach,"120 N International Boardwalk, Redondo Beach, CA 90277, USA"
90277,H.T. Grill,4.5,909,2.0,33.819003,-118.388507,Bar,Redondo Beach,"1701 S Catalina Ave, Redondo Beach, CA 90277, USA"
90277,Good Stuff - Redondo Beach,4.6,1304,2.0,33.819298,-118.385653,Food,Redondo Beach,"1617 S Pacific Coast Hwy #102, Redondo Beach, CA 90277, USA"
90277,The Hook & Plow,4.3,211,2.0,33.817365,-118.387966,Food,Redondo Beach,"1729 S Catalina Ave, Redondo Beach, CA 90277, USA"
90277,Redondo Beach Crab House,4.0,593,2.0,33.838947,-118.391238,Market,Redondo Beach,"100 Fishermans Wharf # F, Redondo Beach, CA 90277, USA"
90278,Lobster-Guys,4.7,271,2.0,33.873062,-118.371099,Food,Redondo Beach,"2217 Artesia Blvd, Redondo Beach, CA 90278, USA"
90277,Ragin Cajun Cafe,4.2,1636,2.0,33.833494,-118.385328,Food,Redondo Beach,"525 S Pacific Coast Hwy, Redondo Beach, CA 90277, USA"
90803,Saint & Second,4.6,2649,2.0,33.761171,-118.137677,Bar,Long Beach,"4828 2nd St, Long Beach, CA 90803, USA"
90802,Yard House,4.4,6128,2.0,33.761486,-118.190268,Bar And Grill,Long Beach,"401 Shoreline Village Dr, Long Beach, CA 90802, USA"
90803,Nick's on 2nd Long Beach,4.7,2181,2.0,33.761465,-118.137035,Food,Long Beach,"4901 2nd St, Long Beach, CA 90803, USA"
90803,The Attic,4.5,3355,2.0,33.764666,-118.151536,Food,Long Beach,"3441 E Broadway, Long Beach, CA 90803, USA"
90802,Parkers' Lighthouse,4.5,3804,3.0,33.759861,-118.191797,Diner,Long Beach,"435 Shoreline Village Drive, Long Beach, CA 90802, USA"
90803,Boathouse on the Bay,4.4,2753,3.0,33.747785,-118.115115,Steak House,Long Beach,"190 N Marina Dr, Long Beach, CA 90803, USA"
90803,Tantalum Restaurant,4.5,2096,2.0,33.761871,-118.116988,Bar,Long Beach,"6272 Pacific Coast Hwy, Long Beach, CA 90803, USA"
90802,Gladstone's Long Beach,4.1,2422,2.0,33.761977,-118.193305,Steak House,Long Beach,"330 S Pine Ave, Long Beach, CA 90802, USA"
90802,The Ordinarie Tavern,4.5,804,2.0,33.769587,-118.190926,Bar And Grill,Long Beach,"210 The Promenade N, Long Beach, CA 90802, USA"
90802,The Breakfast Bar,4.4,2769,2.0,33.767471,-118.184836,Food,Long Beach,"70 Atlantic Ave, Long Beach, CA 90802, USA"
90802,Tequila Jack's Restaurant & Cantina,4.4,4774,2.0,33.761078,-118.19014,Bar,Long Beach,"407 Shoreline Village Dr, Long Beach, CA 90802, USA"
90802,555 East American Steakhouse,4.6,2081,3.0,33.767028,-118.185928,Steak House,Long Beach,"555 E Ocean Blvd, Long Beach, CA 90802, USA"
90802,Gaucho Beach,4.0,467,2.0,33.764323,-118.182996,Food,Long Beach,"780 E Shoreline Dr Suite B, Long Beach, CA 90802, USA"
90802,Fuego Restaurant & Bar,4.3,1340,3.0,33.757146,-118.19861,Bar,Long Beach,"700 Queensway Dr, Long Beach, CA 90802, USA"
90802,AMMATOLI,4.5,1643,2.0,33.770694,-118.1897,Food,Long Beach,"285 E 3rd St, Long Beach, CA 90802, USA"
90804,Bushfire Kitchen - Long Beach,4.9,123,,33.786742,-118.140147,Food,Long Beach,"4610 Pacific Coast Hwy, Long Beach, CA 90804, USA"
90802,BO-beau kitchen + roof tap,4.4,1488,2.0,33.768977,-118.192269,Bar,Long Beach,"144 Pine Ave, Long Beach, CA 90802, USA"
90803,Schooner Or Later,4.5,2835,2.0,33.751988,-118.108421,Diner,Long Beach,"241 N Marina Dr, Long Beach, CA 90803, USA"
90806,The MODERN Kitchen + Bar,4.8,57,3.0,33.812314,-118.158661,Food,Long Beach,"2801 E Spring St, Long Beach, CA 90806, USA"
90804,The Crooked Duck,4.6,1441,2.0,33.783776,-118.134533,Food,Long Beach,"5096 CA-1, Long Beach, CA 90804, USA"
91501,Castaway,4.6,9782,3.0,34.204197,-118.303032,Steak House,Burbank,"1250 E Harvard Rd, Burbank, CA 91501, USA"
91505,Smoke House Restaurant,4.4,4281,3.0,34.145522,-118.341308,Bar,Burbank,"4420 Lakeside Dr, Burbank, CA 91505, USA"
91502,Yard House,4.4,2874,2.0,34.181194,-118.311689,Bar And Grill,Burbank,"100 E Palm Ave, Burbank, CA 91502, USA"
91502,Granville,4.5,2199,2.0,34.181135,-118.309326,Bar,Burbank,"121 N San Fernando Blvd, Burbank, CA 91502, USA"
91502,Finney's Crafthouse - Burbank,4.4,855,2.0,34.181992,-118.310616,Bar,Burbank,"164 E Palm Ave #102, Burbank, CA 91502, USA"
91502,Wood Ranch,4.5,2439,2.0,34.180498,-118.310586,Bar And Grill,Burbank,"110 N 1st St, Burbank, CA 91502, USA"
91505,Pinocchio Restaurant,4.5,2668,2.0,34.17004,-118.341295,Diner,Burbank,"3103 Magnolia Blvd, Burbank, CA 91505, USA"
91502,Palma Ristorante,4.6,72,,34.183397,-118.309878,Steak House,Burbank,"269 E Palm Ave, Burbank, CA 91502, USA"
91502,Over Under Public House,4.1,514,2.0,34.182684,-118.310936,Food,Burbank,"310 N San Fernando Blvd, Burbank, CA 91502, USA"
91505,Olive & Thyme,4.5,554,2.0,34.152589,-118.341723,Sandwich Shop,Burbank,"3821 W Riverside Dr, Burbank, CA 91505, USA"
91504,Charlie and Friends,4.7,221,2.0,34.208584,-118.342758,Food,Burbank,"7590 Glenoaks Blvd, Burbank, CA 91504, USA"
91502,BJ's Restaurant & Brewhouse,4.4,4208,2.0,34.178775,-118.309393,Bar,Burbank,"107 S First St, Burbank, CA 91502, USA"
91506,Olives Bistro,4.4,190,2.0,34.165087,-118.32562,Food,Burbank,"2011 W Olive Ave, Burbank, CA 91506, USA"
91502,Islands Restaurant Burbank,4.3,1578,2.0,34.18073,-118.311066,Bar And Grill,Burbank,"101 E Orange Grove Ave, Burbank, CA 91502, USA"
91505,The New Deal Restaurant and Wine Bar,4.5,311,2.0,34.168689,-118.345154,Wine Bar,Burbank,"3501 Magnolia Blvd, Burbank, CA 91505, USA"
91502,The Boiling Crab,4.5,2081,2.0,34.181879,-118.311101,Food,Burbank,"140 Palm Ave #210, Burbank, CA 91502, USA"
91501,Hilltop Restaurant and Bar,4.2,127,,34.206623,-118.304681,Wedding Venue,Burbank,"1500 E Walnut Ave, Burbank, CA 91501, USA"
91502,Kalaveras - Burbank,4.2,190,2.0,34.181728,-118.310272,Food,Burbank,"221 N San Fernando Blvd, Burbank, CA 91502, USA"
91506,Tallyrand,4.5,1749,2.0,34.166805,-118.322922,Bar,Burbank,"1700 W Olive Ave, Burbank, CA 91506, USA"
91505,e.d.b.,4.4,299,2.0,34.194061,-118.347859,Bar,Burbank,"2500 N Hollywood Way, Burbank, CA 91505, USA"
91203,Salt and Olive,4.6,605,2.0,34.151919,-118.254782,Food,Glendale,"400 N Brand Blvd, Glendale, CA 91203, USA"
91210,Bacari GDL,4.6,917,2.0,34.143972,-118.255287,Wine Bar,Glendale,"757 Americana Way, Glendale, CA 91210, USA"
91205,Cècile Trattoria,4.5,60,2.0,34.145515,-118.254229,Food,Glendale,"118 S Brand Blvd, Glendale, CA 91205, USA"
91204,L'Avenue,4.7,207,2.0,34.144639,-118.25475,Bar,Glendale,"156 S Brand Blvd, Glendale, CA 91204, USA"
91210,Din Tai Fung,4.5,2709,2.0,34.144386,-118.258331,Food,Glendale,"1164 Galleria Way, Glendale, CA 91210, USA"
91202,Asteria Restaurant,4.9,79,2.0,34.161632,-118.264776,Food,Glendale,"1121 N Pacific Ave, Glendale, CA 91202, USA"
91205,Raffi's Place,4.5,6041,2.0,34.146556,-118.253452,Meal Takeaway,Glendale,"211 E Broadway, Glendale, CA 91205, USA"
91204,Foxy's Restaurant,4.5,3403,2.0,34.14228,-118.25675,Food,Glendale,"206 W Colorado St, Glendale, CA 91204, USA"
91206,Greek Bistro,4.7,183,2.0,34.147602,-118.254185,Food,Glendale,"135 N Artsakh Ave, Glendale, CA 91206, USA"
91203,Carousel Restaurant Glendale,4.5,1462,2.0,34.150219,-118.254629,Catering Service,Glendale,"304 N Brand Blvd, Glendale, CA 91203, USA"
91210,Trattoria Amici At The Americana At Brand,4.2,783,2.0,34.143721,-118.256334,Wine Bar,Glendale,"783 Americana Way, Glendale, CA 91210, USA"
91203,Damon's Steak House,4.4,1650,2.0,34.150655,-118.255449,Steak House,Glendale,"317 N Brand Blvd, Glendale, CA 91203, USA"
91205,Veranda Restaurant,4.4,189,,34.144768,-118.253985,Bar,Glendale,"141 Artsakh Ave, Glendale, CA 91205, USA"
91203,Atrium Glendale,4.6,46,,34.151042,-118.256182,Catering Service,Glendale,"328 N Orange St Suite C, Glendale, CA 91203, USA"
91203,Eden On Brand,4.3,536,2.0,34.148696,-118.254783,Meal Takeaway,Glendale,"214 N Brand Blvd, Glendale, CA 91203, USA"
91203,Epique Restaurant,4.4,87,2.0,34.148379,-118.254643,Food,Glendale,"204 1/2 N Brand Blvd, Glendale, CA 91203, USA"
91204,Katsin Restaurant and Dining Bar,4.6,312,4.0,34.147033,-118.264715,Food,Glendale,"515 W Broadway unit 111, Glendale, CA 91204, USA"
91205,Karas Dine-In,4.3,664,2.0,34.144573,-118.254729,Food,Glendale,"158 S Brand Blvd, Glendale, CA 91205, USA"
91208,La Cabañita,4.5,1250,2.0,34.201656,-118.228015,Bar,Glendale,"3445 N Verdugo Rd, Glendale, CA 91208, USA"
91203,BJ's Restaurant & Brewhouse,4.2,1780,2.0,34.146497,-118.255332,Bar,Glendale,"101 N Brand Blvd, Glendale, CA 91203, USA"
90303,Cork & Batter,4.0,778,2.0,33.944942,-118.341676,Bar And Grill,Inglewood,"3900 W Century Blvd, Inglewood, CA 90303, USA"
90301,Dulan's Soul Food Kitchen,4.3,3879,2.0,33.961571,-118.352948,Food,Inglewood,"202 E Manchester Blvd, Inglewood, CA 90301, USA"
90302,KUKU Cafe,4.9,152,2.0,33.967573,-118.354226,Food,Inglewood,"318 N La Brea Ave, Inglewood, CA 90302, USA"
90302,The Serving Spoon,4.5,2798,2.0,33.976309,-118.363441,Food,Inglewood,"1403 Centinela Ave, Inglewood, CA 90302, USA"
90302,Two Hommés,4.8,180,2.0,33.974753,-118.357312,Food,Inglewood,"902 N La Brea Ave, Inglewood, CA 90302, USA"
90304,La Fonda Of Inglewood Restaurant & Cafe,4.6,1332,1.0,33.945851,-118.358693,Food,Inglewood,"4649 W Century Blvd, Inglewood, CA 90304, USA"
90301,Martin's Cocina y Cantina,4.4,600,2.0,33.964154,-118.35312,Food,Inglewood,"162 N La Brea Ave, Inglewood, CA 90301, USA"
10011,Everytable,4.7,84,1.0,33.944955,-118.353162,Food,Inglewood,"10011 Hawthorne Blvd, Inglewood, CA 90304, USA"
90302,Bayou Grille,4.1,528,2.0,33.980314,-118.357993,Food,Inglewood,"1400 N La Brea Ave, Inglewood, CA 90302, USA"
90303,The MEETING SPOT,4.8,57,,33.946523,-118.342514,Food,Inglewood,"1231 District Dr Unit 2400A 2400A, Inglewood, CA 90303, USA"
90302,StormBurger,4.4,1106,1.0,33.98133,-118.358225,Food,Inglewood,"1500 N La Brea Ave, Inglewood, CA 90302, USA"
90302,Fiesta Martin Mexican Grill,4.4,2366,1.0,33.980101,-118.357861,Food,Inglewood,"1330 N La Brea Ave, Inglewood, CA 90302, USA"
90301,Little Belize Restaurant,4.2,754,1.0,33.960685,-118.352528,Food,Inglewood,"217 E Nutwood St, Inglewood, CA 90301, USA"
90302,Sunday Gravy,4.4,442,2.0,33.976528,-118.35862,Food Store,Inglewood,"1122 Centinela Ave, Inglewood, CA 90302, USA"
90301,Mr Fries Man,4.6,647,1.0,33.96098,-118.35023,Food,Inglewood,"401 E Hillcrest Blvd C, Inglewood, CA 90301, USA"
90301,Fiesta Martin Bar And Grill,4.3,2470,2.0,33.96655,-118.351406,Bar And Grill,Inglewood,"300 E Florence Ave, Inglewood, CA 90301, USA"
90301,Bianco's Italian Cuisine,4.6,164,2.0,33.951993,-118.352934,Food,Inglewood,"935 S La Brea Ave, Inglewood, CA 90301, USA"
90301,Roscoe's House of Chicken and Waffles,4.1,8577,2.0,33.961898,-118.367346,Food,Inglewood,"621 W Manchester Blvd, Inglewood, CA 90301, USA"
90304,Casa Gamiño Restaurant,4.3,1454,1.0,33.945771,-118.364798,Food,Inglewood,"4937 W Century Blvd, Inglewood, CA 90304, USA"
90301,The Wood BBQ & Sportsbar,3.7,703,2.0,33.963622,-118.352273,Bar,Inglewood,"129 N Market St, Inglewood, CA 90301, USA"
90245,Jame Enoteca,4.6,706,2.0,33.918255,-118.41638,Bar,El Segundo,"241 Main St, El Segundo, CA 90245, USA"
90245,Sausal,4.5,1105,2.0,33.918013,-118.416167,Bar,El Segundo,"219 Main St, El Segundo, CA 90245, USA"
90245,Caló Kitchen + Tequila,4.6,1199,2.0,33.90217,-118.385408,Bar,El Segundo,"2191 Rosecrans Ave, El Segundo, CA 90245, USA"
90245,North Italia,4.5,1851,2.0,33.902496,-118.395589,Wine Bar,El Segundo,"840 CA-1 #110, El Segundo, CA 90245, USA"
90245,Porterhouse,4.8,146,,33.918603,-118.417486,Steak House,El Segundo,"223 Richmond St, El Segundo, CA 90245, USA"
90245,Paul Martin's American Grill,4.4,1751,2.0,33.902383,-118.380946,Steak House,El Segundo,"2361 Rosecrans Ave, El Segundo, CA 90245, USA"
90245,Rock & Brews,4.4,2521,2.0,33.917744,-118.416145,Bar And Grill,El Segundo,"143 Main St, El Segundo, CA 90245, USA"
90245,The Second Wind - Asian inspired Eatery,4.5,33,,33.926334,-118.383984,Food,El Segundo,"747 N Douglas St, El Segundo, CA 90245, USA"
90245,Tavern on Main,4.4,726,2.0,33.91733,-118.416208,Bar,El Segundo,"123 Main St, El Segundo, CA 90245, USA"
90245,True Food Kitchen,4.4,983,2.0,33.902368,-118.395374,Meal Takeaway,El Segundo,"860 Pacific Coast Hwy #100, El Segundo, CA 90245, USA"
90245,Nomad Eatery,4.6,348,2.0,33.902514,-118.389238,Steak House,El Segundo,"2041 Rosecrans Ave #190, El Segundo, CA 90245, USA"
90245,Bruxie,4.6,105,2.0,33.902226,-118.38584,Food,El Segundo,"2181 Rosecrans Ave b, El Segundo, CA 90245, USA"
90245,Lil' Simmzy's on the Deck,4.4,312,2.0,33.902921,-118.394961,Bar,El Segundo,"850 S Sepulveda Blvd, El Segundo, CA 90245, USA"
90245,G’S IL CAPO DEI BAR,4.8,22,,33.918666,-118.417395,Food,El Segundo,"225 Richmond St, El Segundo, CA 90245, USA"
90245,Marmalade Cafe,4.3,1554,2.0,33.904066,-118.393839,Food,El Segundo,"2014 Park Pl, El Segundo, CA 90245, USA"
90245,Fogo de Chão Brazilian Steakhouse,4.6,2341,3.0,33.902298,-118.387376,Steak House,El Segundo,"2121 Rosecrans Ave Ste 1399, El Segundo, CA 90245, USA"
90245,Blossom Ramen,4.7,181,2.0,33.918575,-118.415166,Food,El Segundo,"130 E Grand Ave ste d, El Segundo, CA 90245, USA"
